country,GHI
Benin,234.90285569419856
Togo,222.6854254024721
Sierraleone,183.88185808021885
